cr_rate,success,elapsed_time,n_species,n_reactions,n_timesteps,n_ode_steps,n_accepted,n_rejected,final_time_years,physical_params
0.01,True,15.486109416000545,163,2227,100,933,933,0,4999999.999999989,"{'number_density': 10000.0, 'temperature': 250.0, 'cr_rate': 0.01, 'fuv_field': 1.0, 'visual_extinction': 2.9643750143703076, 'use_self_consistent_av': True, 'base_av': 2.0, 'cloud_radius_pc': 1.0, 't_start': 0.0, 't_end': 5000000.0, 'n_snapshots': 100, 'rtol': 1e-09, 'atol': 1e-30, 'solver': 'kvaerno5', 'max_steps': 65536}"
0.014839817889675654,True,9.894782125003985,163,2227,100,962,962,0,4999999.999999989,"{'number_density': 10000.0, 'temperature': 250.0, 'cr_rate': 0.014839817889675654, 'fuv_field': 1.0, 'visual_extinction': 2.9643750143703076, 'use_self_consistent_av': True, 'base_av': 2.0, 'cloud_radius_pc': 1.0, 't_start': 0.0, 't_end': 5000000.0, 'n_snapshots': 100, 'rtol': 1e-09, 'atol': 1e-30, 'solver': 'kvaerno5', 'max_steps': 65536}"
0.022022019499873757,True,9.974565333002829,163,2227,100,992,992,0,4999999.999999989,"{'number_density': 10000.0, 'temperature': 250.0, 'cr_rate': 0.022022019499873757, 'fuv_field': 1.0, 'visual_extinction': 2.9643750143703076, 'use_self_consistent_av': True, 'base_av': 2.0, 'cloud_radius_pc': 1.0, 't_start': 0.0, 't_end': 5000000.0, 'n_snapshots': 100, 'rtol': 1e-09, 'atol': 1e-30, 'solver': 'kvaerno5', 'max_steps': 65536}"
0.03268027589410125,True,10.11065650000819,163,2227,100,1023,1023,0,4999999.999999989,"{'number_density': 10000.0, 'temperature': 250.0, 'cr_rate': 0.03268027589410125, 'fuv_field': 1.0, 'visual_extinction': 2.9643750143703076, 'use_self_consistent_av': True, 'base_av': 2.0, 'cloud_radius_pc': 1.0, 't_start': 0.0, 't_end': 5000000.0, 'n_snapshots': 100, 'rtol': 1e-09, 'atol': 1e-30, 'solver': 'kvaerno5', 'max_steps': 65536}"
0.048496934285281984,True,10.336749957990833,163,2227,100,1058,1058,0,4999999.999999989,"{'number_density': 10000.0, 'temperature': 250.0, 'cr_rate': 0.048496934285281984, 'fuv_field': 1.0, 'visual_extinction': 2.9643750143703076, 'use_self_consistent_av': True, 'base_av': 2.0, 'cloud_radius_pc': 1.0, 't_start': 0.0, 't_end': 5000000.0, 'n_snapshots': 100, 'rtol': 1e-09, 'atol': 1e-30, 'solver': 'kvaerno5', 'max_steps': 65536}"
0.07196856730011521,True,10.396069791997434,163,2227,100,1095,1095,0,4999999.999999989,"{'number_density': 10000.0, 'temperature': 250.0, 'cr_rate': 0.07196856730011521, 'fuv_field': 1.0, 'visual_extinction': 2.9643750143703076, 'use_self_consistent_av': True, 'base_av': 2.0, 'cloud_radius_pc': 1.0, 't_start': 0.0, 't_end': 5000000.0, 'n_snapshots': 100, 'rtol': 1e-09, 'atol': 1e-30, 'solver': 'kvaerno5', 'max_steps': 65536}"
0.10680004325145755,True,10.541484834000585,163,2227,100,1133,1133,0,4999999.999999989,"{'number_density': 10000.0, 'temperature': 250.0, 'cr_rate': 0.10680004325145755, 'fuv_field': 1.0, 'visual_extinction': 2.9643750143703076, 'use_self_consistent_av': True, 'base_av': 2.0, 'cloud_radius_pc': 1.0, 't_start': 0.0, 't_end': 5000000.0, 'n_snapshots': 100, 'rtol': 1e-09, 'atol': 1e-30, 'solver': 'kvaerno5', 'max_steps': 65536}"
0.15848931924611134,True,10.595496750000166,163,2227,100,1173,1172,1,4999999.999999989,"{'number_density': 10000.0, 'temperature': 250.0, 'cr_rate': 0.15848931924611134, 'fuv_field': 1.0, 'visual_extinction': 2.9643750143703076, 'use_self_consistent_av': True, 'base_av': 2.0, 'cloud_radius_pc': 1.0, 't_start': 0.0, 't_end': 5000000.0, 'n_snapshots': 100, 'rtol': 1e-09, 'atol': 1e-30, 'solver': 'kvaerno5', 'max_steps': 65536}"
0.23519526350709588,True,10.741579042005469,163,2227,100,1206,1205,1,4999999.999999989,"{'number_density': 10000.0, 'temperature': 250.0, 'cr_rate': 0.23519526350709588, 'fuv_field': 1.0, 'visual_extinction': 2.9643750143703076, 'use_self_consistent_av': True, 'base_av': 2.0, 'cloud_radius_pc': 1.0, 't_start': 0.0, 't_end': 5000000.0, 'n_snapshots': 100, 'rtol': 1e-09, 'atol': 1e-30, 'solver': 'kvaerno5', 'max_steps': 65536}"
0.3490254878959581,True,11.001238458993612,163,2227,100,1231,1230,1,4999999.999999989,"{'number_density': 10000.0, 'temperature': 250.0, 'cr_rate': 0.3490254878959581, 'fuv_field': 1.0, 'visual_extinction': 2.9643750143703076, 'use_self_consistent_av': True, 'base_av': 2.0, 'cloud_radius_pc': 1.0, 't_start': 0.0, 't_end': 5000000.0, 'n_snapshots': 100, 'rtol': 1e-09, 'atol': 1e-30, 'solver': 'kvaerno5', 'max_steps': 65536}"
0.5179474679231213,True,10.968164874997456,163,2227,100,1244,1243,1,4999999.999999989,"{'number_density': 10000.0, 'temperature': 250.0, 'cr_rate': 0.5179474679231213, 'fuv_field': 1.0, 'visual_extinction': 2.9643750143703076, 'use_self_consistent_av': True, 'base_av': 2.0, 'cloud_radius_pc': 1.0, 't_start': 0.0, 't_end': 5000000.0, 'n_snapshots': 100, 'rtol': 1e-09, 'atol': 1e-30, 'solver': 'kvaerno5', 'max_steps': 65536}"
0.7686246100397738,True,10.618157416000031,163,2227,100,1235,1235,0,4999999.999999989,"{'number_density': 10000.0, 'temperature': 250.0, 'cr_rate': 0.7686246100397738, 'fuv_field': 1.0, 'visual_extinction': 2.9643750143703076, 'use_self_consistent_av': True, 'base_av': 2.0, 'cloud_radius_pc': 1.0, 't_start': 0.0, 't_end': 5000000.0, 'n_snapshots': 100, 'rtol': 1e-09, 'atol': 1e-30, 'solver': 'kvaerno5', 'max_steps': 65536}"
1.1406249238513202,True,10.827516874996945,163,2227,100,1216,1216,0,4999999.999999989,"{'number_density': 10000.0, 'temperature': 250.0, 'cr_rate': 1.1406249238513202, 'fuv_field': 1.0, 'visual_extinction': 2.9643750143703076, 'use_self_consistent_av': True, 'base_av': 2.0, 'cloud_radius_pc': 1.0, 't_start': 0.0, 't_end': 5000000.0, 'n_snapshots': 100, 'rtol': 1e-09, 'atol': 1e-30, 'solver': 'kvaerno5', 'max_steps': 65536}"
1.6926666150378762,True,10.746280958002899,163,2227,100,1196,1196,0,4999999.999999989,"{'number_density': 10000.0, 'temperature': 250.0, 'cr_rate': 1.6926666150378762, 'fuv_field': 1.0, 'visual_extinction': 2.9643750143703076, 'use_self_consistent_av': True, 'base_av': 2.0, 'cloud_radius_pc': 1.0, 't_start': 0.0, 't_end': 5000000.0, 'n_snapshots': 100, 'rtol': 1e-09, 'atol': 1e-30, 'solver': 'kvaerno5', 'max_steps': 65536}"
2.5118864315095797,True,10.444493000002694,163,2227,100,1152,1152,0,4999999.999999989,"{'number_density': 10000.0, 'temperature': 250.0, 'cr_rate': 2.5118864315095797, 'fuv_field': 1.0, 'visual_extinction': 2.9643750143703076, 'use_self_consistent_av': True, 'base_av': 2.0, 'cloud_radius_pc': 1.0, 't_start': 0.0, 't_end': 5000000.0, 'n_snapshots': 100, 'rtol': 1e-09, 'atol': 1e-30, 'solver': 'kvaerno5', 'max_steps': 65536}"
3.7275937203149416,True,10.528360333002638,163,2227,100,1114,1114,0,4999999.999999989,"{'number_density': 10000.0, 'temperature': 250.0, 'cr_rate': 3.7275937203149416, 'fuv_field': 1.0, 'visual_extinction': 2.9643750143703076, 'use_self_consistent_av': True, 'base_av': 2.0, 'cloud_radius_pc': 1.0, 't_start': 0.0, 't_end': 5000000.0, 'n_snapshots': 100, 'rtol': 1e-09, 'atol': 1e-30, 'solver': 'kvaerno5', 'max_steps': 65536}"
5.531681197617227,True,10.360621875006473,163,2227,100,1139,1139,0,4999999.999999989,"{'number_density': 10000.0, 'temperature': 250.0, 'cr_rate': 5.531681197617227, 'fuv_field': 1.0, 'visual_extinction': 2.9643750143703076, 'use_self_consistent_av': True, 'base_av': 2.0, 'cloud_radius_pc': 1.0, 't_start': 0.0, 't_end': 5000000.0, 'n_snapshots': 100, 'rtol': 1e-09, 'atol': 1e-30, 'solver': 'kvaerno5', 'max_steps': 65536}"
8.208914159638253,True,10.874516333002248,163,2227,100,1214,1214,0,4999999.999999989,"{'number_density': 10000.0, 'temperature': 250.0, 'cr_rate': 8.208914159638253, 'fuv_field': 1.0, 'visual_extinction': 2.9643750143703076, 'use_self_consistent_av': True, 'base_av': 2.0, 'cloud_radius_pc': 1.0, 't_start': 0.0, 't_end': 5000000.0, 'n_snapshots': 100, 'rtol': 1e-09, 'atol': 1e-30, 'solver': 'kvaerno5', 'max_steps': 65536}"
12.18187912010116,True,10.915358542013564,163,2227,100,1295,1295,0,4999999.999999989,"{'number_density': 10000.0, 'temperature': 250.0, 'cr_rate': 12.18187912010116, 'fuv_field': 1.0, 'visual_extinction': 2.9643750143703076, 'use_self_consistent_av': True, 'base_av': 2.0, 'cloud_radius_pc': 1.0, 't_start': 0.0, 't_end': 5000000.0, 'n_snapshots': 100, 'rtol': 1e-09, 'atol': 1e-30, 'solver': 'kvaerno5', 'max_steps': 65536}"
18.077686769634344,True,11.429617082991172,163,2227,100,1374,1374,0,4999999.999999989,"{'number_density': 10000.0, 'temperature': 250.0, 'cr_rate': 18.077686769634344, 'fuv_field': 1.0, 'visual_extinction': 2.9643750143703076, 'use_self_consistent_av': True, 'base_av': 2.0, 'cloud_radius_pc': 1.0, 't_start': 0.0, 't_end': 5000000.0, 'n_snapshots': 100, 'rtol': 1e-09, 'atol': 1e-30, 'solver': 'kvaerno5', 'max_steps': 65536}"
26.826957952797272,True,11.440932999990764,163,2227,100,1459,1453,6,4999999.999999989,"{'number_density': 10000.0, 'temperature': 250.0, 'cr_rate': 26.826957952797272, 'fuv_field': 1.0, 'visual_extinction': 2.9643750143703076, 'use_self_consistent_av': True, 'base_av': 2.0, 'cloud_radius_pc': 1.0, 't_start': 0.0, 't_end': 5000000.0, 'n_snapshots': 100, 'rtol': 1e-09, 'atol': 1e-30, 'solver': 'kvaerno5', 'max_steps': 65536}"
39.810717055349734,True,12.273321000000578,163,2227,100,1609,1570,39,4999999.999999989,"{'number_density': 10000.0, 'temperature': 250.0, 'cr_rate': 39.810717055349734, 'fuv_field': 1.0, 'visual_extinction': 2.9643750143703076, 'use_self_consistent_av': True, 'base_av': 2.0, 'cloud_radius_pc': 1.0, 't_start': 0.0, 't_end': 5000000.0, 'n_snapshots': 100, 'rtol': 1e-09, 'atol': 1e-30, 'solver': 'kvaerno5', 'max_steps': 65536}"
59.078379115879436,True,12.644091207999736,163,2227,100,1763,1677,86,4999999.999999989,"{'number_density': 10000.0, 'temperature': 250.0, 'cr_rate': 59.078379115879436, 'fuv_field': 1.0, 'visual_extinction': 2.9643750143703076, 'use_self_consistent_av': True, 'base_av': 2.0, 'cloud_radius_pc': 1.0, 't_start': 0.0, 't_end': 5000000.0, 'n_snapshots': 100, 'rtol': 1e-09, 'atol': 1e-30, 'solver': 'kvaerno5', 'max_steps': 65536}"
87.67123872968686,True,13.32082012500905,163,2227,100,1817,1743,74,4999999.999999989,"{'number_density': 10000.0, 'temperature': 250.0, 'cr_rate': 87.67123872968686, 'fuv_field': 1.0, 'visual_extinction': 2.9643750143703076, 'use_self_consistent_av': True, 'base_av': 2.0, 'cloud_radius_pc': 1.0, 't_start': 0.0, 't_end': 5000000.0, 'n_snapshots': 100, 'rtol': 1e-09, 'atol': 1e-30, 'solver': 'kvaerno5', 'max_steps': 65536}"
130.102521691083,True,12.921699958009413,163,2227,100,1867,1810,57,4999999.999999989,"{'number_density': 10000.0, 'temperature': 250.0, 'cr_rate': 130.102521691083, 'fuv_field': 1.0, 'visual_extinction': 2.9643750143703076, 'use_self_consistent_av': True, 'base_av': 2.0, 'cloud_radius_pc': 1.0, 't_start': 0.0, 't_end': 5000000.0, 'n_snapshots': 100, 'rtol': 1e-09, 'atol': 1e-30, 'solver': 'kvaerno5', 'max_steps': 65536}"
193.06977288832496,True,13.012998334001168,163,2227,100,1918,1870,48,4999999.999999989,"{'number_density': 10000.0, 'temperature': 250.0, 'cr_rate': 193.06977288832496, 'fuv_field': 1.0, 'visual_extinction': 2.9643750143703076, 'use_self_consistent_av': True, 'base_av': 2.0, 'cloud_radius_pc': 1.0, 't_start': 0.0, 't_end': 5000000.0, 'n_snapshots': 100, 'rtol': 1e-09, 'atol': 1e-30, 'solver': 'kvaerno5', 'max_steps': 65536}"
286.5120269663782,True,13.42553362500621,163,2227,100,1926,1916,10,4999999.999999989,"{'number_density': 10000.0, 'temperature': 250.0, 'cr_rate': 286.5120269663782, 'fuv_field': 1.0, 'visual_extinction': 2.9643750143703076, 'use_self_consistent_av': True, 'base_av': 2.0, 'cloud_radius_pc': 1.0, 't_start': 0.0, 't_end': 5000000.0, 'n_snapshots': 100, 'rtol': 1e-09, 'atol': 1e-30, 'solver': 'kvaerno5', 'max_steps': 65536}"
425.17863033828945,True,13.414456500002416,163,2227,100,2031,2018,13,4999999.999999989,"{'number_density': 10000.0, 'temperature': 250.0, 'cr_rate': 425.17863033828945, 'fuv_field': 1.0, 'visual_extinction': 2.9643750143703076, 'use_self_consistent_av': True, 'base_av': 2.0, 'cloud_radius_pc': 1.0, 't_start': 0.0, 't_end': 5000000.0, 'n_snapshots': 100, 'rtol': 1e-09, 'atol': 1e-30, 'solver': 'kvaerno5', 'max_steps': 65536}"
630.957344480193,True,13.77185787500639,163,2227,100,2141,2125,16,4999999.999999989,"{'number_density': 10000.0, 'temperature': 250.0, 'cr_rate': 630.957344480193, 'fuv_field': 1.0, 'visual_extinction': 2.9643750143703076, 'use_self_consistent_av': True, 'base_av': 2.0, 'cloud_radius_pc': 1.0, 't_start': 0.0, 't_end': 5000000.0, 'n_snapshots': 100, 'rtol': 1e-09, 'atol': 1e-30, 'solver': 'kvaerno5', 'max_steps': 65536}"
936.3292088239417,True,14.968147792009404,163,2227,100,2370,2311,59,4999999.999999989,"{'number_density': 10000.0, 'temperature': 250.0, 'cr_rate': 936.3292088239417, 'fuv_field': 1.0, 'visual_extinction': 2.9643750143703076, 'use_self_consistent_av': True, 'base_av': 2.0, 'cloud_radius_pc': 1.0, 't_start': 0.0, 't_end': 5000000.0, 'n_snapshots': 100, 'rtol': 1e-09, 'atol': 1e-30, 'solver': 'kvaerno5', 'max_steps': 65536}"
1389.4954943731389,True,15.926272750002681,163,2227,100,2715,2588,127,4999999.999999989,"{'number_density': 10000.0, 'temperature': 250.0, 'cr_rate': 1389.4954943731389, 'fuv_field': 1.0, 'visual_extinction': 2.9643750143703076, 'use_self_consistent_av': True, 'base_av': 2.0, 'cloud_radius_pc': 1.0, 't_start': 0.0, 't_end': 5000000.0, 'n_snapshots': 100, 'rtol': 1e-09, 'atol': 1e-30, 'solver': 'kvaerno5', 'max_steps': 65536}"
2061.986009502219,True,18.746493667000323,163,2227,100,3583,3268,315,4999999.999999989,"{'number_density': 10000.0, 'temperature': 250.0, 'cr_rate': 2061.986009502219, 'fuv_field': 1.0, 'visual_extinction': 2.9643750143703076, 'use_self_consistent_av': True, 'base_av': 2.0, 'cloud_radius_pc': 1.0, 't_start': 0.0, 't_end': 5000000.0, 'n_snapshots': 100, 'rtol': 1e-09, 'atol': 1e-30, 'solver': 'kvaerno5', 'max_steps': 65536}"
3059.949687207196,True,17.474127082998166,163,2227,100,3117,2986,131,4999999.999999989,"{'number_density': 10000.0, 'temperature': 250.0, 'cr_rate': 3059.949687207196, 'fuv_field': 1.0, 'visual_extinction': 2.9643750143703076, 'use_self_consistent_av': True, 'base_av': 2.0, 'cloud_radius_pc': 1.0, 't_start': 0.0, 't_end': 5000000.0, 'n_snapshots': 100, 'rtol': 1e-09, 'atol': 1e-30, 'solver': 'kvaerno5', 'max_steps': 65536}"
4540.90961097248,True,18.177477250006632,163,2227,100,3461,3291,170,4999999.999999989,"{'number_density': 10000.0, 'temperature': 250.0, 'cr_rate': 4540.90961097248, 'fuv_field': 1.0, 'visual_extinction': 2.9643750143703076, 'use_self_consistent_av': True, 'base_av': 2.0, 'cloud_radius_pc': 1.0, 't_start': 0.0, 't_end': 5000000.0, 'n_snapshots': 100, 'rtol': 1e-09, 'atol': 1e-30, 'solver': 'kvaerno5', 'max_steps': 65536}"
6738.627168030941,True,23.625251292003668,163,2227,100,4992,4347,645,4999999.999999989,"{'number_density': 10000.0, 'temperature': 250.0, 'cr_rate': 6738.627168030941, 'fuv_field': 1.0, 'visual_extinction': 2.9643750143703076, 'use_self_consistent_av': True, 'base_av': 2.0, 'cloud_radius_pc': 1.0, 't_start': 0.0, 't_end': 5000000.0, 'n_snapshots': 100, 'rtol': 1e-09, 'atol': 1e-30, 'solver': 'kvaerno5', 'max_steps': 65536}"
10000.0,True,22.94611512499978,163,2227,100,4712,4307,405,4999999.999999989,"{'number_density': 10000.0, 'temperature': 250.0, 'cr_rate': 10000.0, 'fuv_field': 1.0, 'visual_extinction': 2.9643750143703076, 'use_self_consistent_av': True, 'base_av': 2.0, 'cloud_radius_pc': 1.0, 't_start': 0.0, 't_end': 5000000.0, 'n_snapshots': 100, 'rtol': 1e-09, 'atol': 1e-30, 'solver': 'kvaerno5', 'max_steps': 65536}"
